{"stat.cakeSlicesEaten":3,"stat.chestOpened":2,"stat.walkOneCm":343402,"stat.useItem.minecraft.quartz_block":260,"stat.leaveGame":2,"stat.breakItem.minecraft.golden_chestplate":1,"stat.jump":960,"stat.swimOneCm":514,"stat.fallOneCm":7876,"stat.useItem.minecraft.golden_shovel":1,"stat.crouchOneCm":5087,"stat.useItem.minecraft.stained_hardened_clay":314,"stat.breakItem.minecraft.golden_leggings":1,"stat.sprintOneCm":183412,"achievement.exploreAllBiomes":{"value":0,"progress":["Plains"]},"stat.useItem.minecraft.fence":17,"stat.useItem.minecraft.golden_sword":5,"achievement.openInventory":81,"stat.damageTaken":10124,"stat.mineBlock.minecraft.sapling":1,"stat.flyOneCm":554433,"stat.deaths":4,"stat.drop":6,"stat.mineBlock.minecraft.leaves":9,"stat.playOneMinute":82873,"stat.damageDealt":410,"stat.timeSinceDeath":843}