{"stat.cakeSlicesEaten":3,"stat.chestOpened":5,"stat.useItem.minecraft.bow":2,"stat.walkOneCm":595596,"stat.useItem.minecraft.quartz_block":261,"stat.playerKills":4,"stat.leaveGame":2,"stat.useItem.minecraft.ender_chest":2,"stat.breakItem.minecraft.golden_chestplate":1,"stat.useItem.minecraft.lava_bucket":9,"stat.killEntity.Creeper":1,"stat.useItem.minecraft.bedrock":2,"stat.jump":1789,"stat.swimOneCm":514,"stat.breakItem.minecraft.leather_helmet":1,"stat.fallOneCm":66602,"stat.useItem.minecraft.golden_shovel":1,"stat.entityKilledBy.Skeleton":2,"stat.crouchOneCm":7128,"stat.enderchestOpened":2,"stat.useItem.minecraft.stained_hardened_clay":318,"stat.breakItem.minecraft.golden_leggings":1,"stat.breakItem.minecraft.leather_chestplate":1,"stat.sprintOneCm":291514,"stat.useItem.minecraft.hay_block":9,"achievement.exploreAllBiomes":{"value":0,"progress":["Plains"]},"stat.useItem.minecraft.fence":17,"stat.killEntity.Skeleton":10,"stat.useItem.minecraft.golden_sword":5,"achievement.openInventory":229,"stat.damageTaken":510881,"stat.useItem.minecraft.diamond_pickaxe":3,"stat.breakItem.minecraft.leather_boots":1,"stat.mineBlock.minecraft.sapling":2,"stat.mobKills":12,"stat.useItem.minecraft.bucket":9,"stat.flyOneCm":869856,"stat.deaths":28,"stat.drop":49,"stat.mineBlock.minecraft.leaves":33,"stat.playOneMinute":130427,"stat.damageDealt":4661652,"stat.killEntity.Zombie":1,"stat.timeSinceDeath":7066,"stat.breakItem.minecraft.leather_leggings":1}