{"stat.cakeSlicesEaten":3,"stat.chestOpened":3,"stat.walkOneCm":417331,"stat.useItem.minecraft.quartz_block":260,"stat.playerKills":2,"stat.leaveGame":2,"stat.breakItem.minecraft.golden_chestplate":1,"stat.useItem.minecraft.bedrock":2,"stat.jump":1173,"stat.swimOneCm":514,"stat.fallOneCm":24155,"stat.useItem.minecraft.golden_shovel":1,"stat.crouchOneCm":5623,"stat.useItem.minecraft.stained_hardened_clay":315,"stat.breakItem.minecraft.golden_leggings":1,"stat.sprintOneCm":215701,"achievement.exploreAllBiomes":{"value":0,"progress":["Plains"]},"stat.useItem.minecraft.fence":17,"stat.useItem.minecraft.golden_sword":5,"achievement.openInventory":117,"stat.damageTaken":62401,"stat.mineBlock.minecraft.sapling":1,"stat.flyOneCm":590359,"stat.deaths":9,"stat.drop":14,"stat.mineBlock.minecraft.leaves":9,"stat.playOneMinute":94535,"stat.damageDealt":225810,"stat.timeSinceDeath":326}