{"stat.cakeSlicesEaten":3,"stat.chestOpened":1,"stat.walkOneCm":269036,"stat.useItem.minecraft.quartz_block":259,"stat.leaveGame":2,"stat.jump":711,"stat.fallOneCm":491,"stat.useItem.minecraft.golden_shovel":1,"stat.crouchOneCm":4722,"stat.useItem.minecraft.stained_hardened_clay":313,"stat.sprintOneCm":146532,"achievement.exploreAllBiomes":{"value":0,"progress":["Plains"]},"stat.useItem.minecraft.fence":17,"stat.useItem.minecraft.golden_sword":5,"achievement.openInventory":44,"stat.damageTaken":210,"stat.mineBlock.minecraft.sapling":1,"stat.flyOneCm":452357,"stat.deaths":3,"stat.drop":2,"stat.mineBlock.minecraft.leaves":9,"stat.playOneMinute":70295,"stat.damageDealt":380,"stat.timeSinceDeath":34284}