{"stat.cakeSlicesEaten":3,"stat.chestOpened":1,"stat.walkOneCm":241657,"stat.useItem.minecraft.quartz_block":258,"stat.leaveGame":2,"stat.jump":631,"stat.fallOneCm":491,"stat.useItem.minecraft.golden_shovel":1,"stat.crouchOneCm":4659,"stat.useItem.minecraft.stained_hardened_clay":307,"stat.sprintOneCm":131505,"achievement.exploreAllBiomes":{"value":0,"progress":["Plains"]},"stat.useItem.minecraft.fence":17,"stat.useItem.minecraft.golden_sword":5,"achievement.openInventory":37,"stat.damageTaken":210,"stat.mineBlock.minecraft.sapling":1,"stat.flyOneCm":389963,"stat.deaths":3,"stat.drop":2,"stat.mineBlock.minecraft.leaves":9,"stat.playOneMinute":58593,"stat.damageDealt":380,"stat.timeSinceDeath":22582}