{"stat.cakeSlicesEaten":3,"stat.chestOpened":4,"stat.walkOneCm":552253,"stat.useItem.minecraft.quartz_block":260,"stat.playerKills":3,"stat.leaveGame":2,"stat.useItem.minecraft.ender_chest":2,"stat.breakItem.minecraft.golden_chestplate":1,"stat.useItem.minecraft.lava_bucket":9,"stat.useItem.minecraft.bedrock":2,"stat.jump":1599,"stat.swimOneCm":514,"stat.breakItem.minecraft.leather_helmet":1,"stat.fallOneCm":55142,"stat.useItem.minecraft.golden_shovel":1,"stat.entityKilledBy.Skeleton":2,"stat.crouchOneCm":6106,"stat.enderchestOpened":1,"stat.useItem.minecraft.stained_hardened_clay":318,"stat.breakItem.minecraft.golden_leggings":1,"stat.breakItem.minecraft.leather_chestplate":1,"stat.sprintOneCm":267314,"stat.useItem.minecraft.hay_block":9,"achievement.exploreAllBiomes":{"value":0,"progress":["Plains"]},"stat.useItem.minecraft.fence":17,"stat.killEntity.Skeleton":10,"stat.useItem.minecraft.golden_sword":5,"achievement.openInventory":195,"stat.damageTaken":487903,"stat.useItem.minecraft.diamond_pickaxe":3,"stat.breakItem.minecraft.leather_boots":1,"stat.mineBlock.minecraft.sapling":2,"stat.mobKills":11,"stat.useItem.minecraft.bucket":9,"stat.flyOneCm":736743,"stat.deaths":25,"stat.drop":31,"stat.mineBlock.minecraft.leaves":10,"stat.playOneMinute":118750,"stat.damageDealt":2296212,"stat.killEntity.Zombie":1,"stat.timeSinceDeath":4460,"stat.breakItem.minecraft.leather_leggings":1}