{"stat.cakeSlicesEaten":3,"stat.chestOpened":1,"stat.walkOneCm":179484,"stat.useItem.minecraft.quartz_block":177,"stat.leaveGame":2,"stat.jump":568,"stat.fallOneCm":491,"stat.useItem.minecraft.golden_shovel":1,"stat.crouchOneCm":2909,"stat.useItem.minecraft.stained_hardened_clay":261,"stat.sprintOneCm":97118,"achievement.exploreAllBiomes":{"value":0,"progress":["Plains"]},"stat.useItem.minecraft.golden_sword":5,"achievement.openInventory":33,"stat.damageTaken":210,"stat.mineBlock.minecraft.sapling":1,"stat.flyOneCm":271568,"stat.deaths":3,"stat.drop":2,"stat.mineBlock.minecraft.leaves":9,"stat.playOneMinute":46887,"stat.damageDealt":380,"stat.timeSinceDeath":10876}