{"stat.cakeSlicesEaten":3,"stat.chestOpened":5,"stat.useItem.minecraft.bow":9,"stat.walkOneCm":653451,"stat.useItem.minecraft.quartz_block":261,"stat.playerKills":5,"stat.leaveGame":2,"stat.useItem.minecraft.ender_chest":2,"stat.breakItem.minecraft.golden_chestplate":1,"stat.useItem.minecraft.lava_bucket":9,"stat.killEntity.Creeper":1,"stat.useItem.minecraft.bedrock":2,"stat.jump":1840,"stat.swimOneCm":514,"stat.breakItem.minecraft.leather_helmet":1,"stat.fallOneCm":66602,"stat.useItem.minecraft.golden_shovel":1,"stat.entityKilledBy.Skeleton":2,"stat.crouchOneCm":8517,"stat.enderchestOpened":2,"stat.useItem.minecraft.stained_hardened_clay":318,"stat.breakItem.minecraft.golden_leggings":1,"stat.breakItem.minecraft.leather_chestplate":1,"stat.sprintOneCm":311083,"stat.useItem.minecraft.hay_block":9,"achievement.exploreAllBiomes":{"value":0,"progress":["Plains"]},"stat.useItem.minecraft.fence":17,"stat.craftingTableInteraction":1,"stat.killEntity.Skeleton":10,"stat.useItem.minecraft.golden_sword":5,"stat.mineBlock.minecraft.tnt":28,"achievement.openInventory":246,"stat.damageTaken":510881,"stat.useItem.minecraft.diamond_pickaxe":3,"stat.breakItem.minecraft.leather_boots":1,"stat.mineBlock.minecraft.sapling":2,"stat.mobKills":12,"stat.useItem.minecraft.bucket":9,"stat.flyOneCm":973260,"stat.deaths":28,"stat.drop":54,"stat.mineBlock.minecraft.leaves":33,"stat.playOneMinute":143013,"stat.damageDealt":4948395,"stat.killEntity.Zombie":1,"stat.timeSinceDeath":19652,"stat.useItem.minecraft.crafting_table":1,"stat.breakItem.minecraft.leather_leggings":1}