{"stat.cakeSlicesEaten":3,"stat.chestOpened":4,"stat.walkOneCm":498889,"stat.useItem.minecraft.quartz_block":260,"stat.playerKills":3,"stat.leaveGame":2,"stat.breakItem.minecraft.golden_chestplate":1,"stat.useItem.minecraft.lava_bucket":9,"stat.useItem.minecraft.bedrock":2,"stat.jump":1378,"stat.swimOneCm":514,"stat.fallOneCm":45991,"stat.useItem.minecraft.golden_shovel":1,"stat.entityKilledBy.Skeleton":2,"stat.crouchOneCm":5623,"stat.useItem.minecraft.stained_hardened_clay":317,"stat.breakItem.minecraft.golden_leggings":1,"stat.sprintOneCm":241945,"achievement.exploreAllBiomes":{"value":0,"progress":["Plains"]},"stat.useItem.minecraft.fence":17,"stat.killEntity.Skeleton":10,"stat.useItem.minecraft.golden_sword":5,"achievement.openInventory":153,"stat.damageTaken":265568,"stat.useItem.minecraft.diamond_pickaxe":3,"stat.mineBlock.minecraft.sapling":2,"stat.mobKills":10,"stat.useItem.minecraft.bucket":9,"stat.flyOneCm":638703,"stat.deaths":19,"stat.drop":29,"stat.mineBlock.minecraft.leaves":10,"stat.playOneMinute":107082,"stat.damageDealt":1272152,"stat.timeSinceDeath":475}