{"stat.walkOneCm":60752,"stat.useItem.minecraft.quartz_block":793,"stat.useItem.minecraft.lever":1,"achievement.openInventory":49,"stat.useItem.minecraft.cauldron":2,"stat.leaveGame":3,"stat.damageTaken":200,"stat.flyOneCm":747657,"stat.deaths":1,"stat.drop":14,"stat.jump":143,"stat.playOneMinute":75927,"stat.crouchOneCm":2763,"stat.timeSinceDeath":75820,"stat.useItem.minecraft.stained_hardened_clay":883,"stat.useItem.minecraft.leaves":200,"stat.sprintOneCm":9937,"stat.useItem.minecraft.spawn_egg":109,"achievement.exploreAllBiomes":{"value":0,"progress":["Plains"]},"stat.useItem.minecraft.fence":188}