{"stat.cakeSlicesEaten":4,"stat.chestOpened":8,"stat.walkOneCm":231623,"stat.useItem.minecraft.quartz_block":1,"stat.playerKills":6,"achievement.openInventory":58,"stat.mineBlock.minecraft.sponge":2,"stat.leaveGame":5,"stat.useItem.minecraft.sponge":17,"stat.damageTaken":22159,"stat.mineBlock.minecraft.sapling":1,"stat.entityKilledBy.Creeper":1,"stat.useItem.minecraft.golden_apple":1,"stat.flyOneCm":150918,"stat.deaths":9,"stat.drop":13,"stat.jump":508,"stat.swimOneCm":333,"stat.playOneMinute":54472,"stat.fallOneCm":13262,"stat.entityKilledBy.Zombie":1,"stat.damageDealt":73432,"stat.crouchOneCm":1744,"stat.timeSinceDeath":7450,"stat.useItem.minecraft.stained_hardened_clay":13,"stat.sprintOneCm":71329,"achievement.exploreAllBiomes":{"value":0,"progress":["Plains"]}}