{"stat.cakeSlicesEaten":4,"stat.chestOpened":6,"stat.walkOneCm":189017,"stat.useItem.minecraft.quartz_block":1,"stat.playerKills":2,"achievement.openInventory":40,"stat.leaveGame":5,"stat.damageTaken":21815,"stat.mineBlock.minecraft.sapling":1,"stat.entityKilledBy.Creeper":1,"stat.useItem.minecraft.golden_apple":1,"stat.flyOneCm":138044,"stat.deaths":8,"stat.drop":4,"stat.jump":424,"stat.swimOneCm":333,"stat.playOneMinute":42777,"stat.fallOneCm":10653,"stat.entityKilledBy.Zombie":1,"stat.damageDealt":20790,"stat.crouchOneCm":34,"stat.timeSinceDeath":8207,"stat.useItem.minecraft.stained_hardened_clay":13,"stat.sprintOneCm":64280,"achievement.exploreAllBiomes":{"value":0,"progress":["Plains"]}}