{"stat.cakeSlicesEaten":4,"stat.chestOpened":10,"stat.walkOneCm":310510,"stat.useItem.minecraft.quartz_block":1,"stat.playerKills":11,"stat.leaveGame":6,"stat.useItem.minecraft.sponge":17,"stat.jump":643,"stat.swimOneCm":333,"stat.fallOneCm":18399,"stat.crouchOneCm":1744,"stat.useItem.minecraft.stained_hardened_clay":13,"stat.sprintOneCm":93249,"achievement.exploreAllBiomes":{"value":0,"progress":["Plains"]},"stat.killEntity.Skeleton":12,"achievement.openInventory":94,"stat.mineBlock.minecraft.sponge":2,"stat.damageTaken":45580,"stat.mineBlock.minecraft.sapling":1,"stat.mobKills":12,"stat.entityKilledBy.Creeper":1,"stat.useItem.minecraft.golden_apple":1,"stat.flyOneCm":222350,"stat.deaths":13,"stat.drop":15,"stat.playOneMinute":66849,"stat.entityKilledBy.Zombie":1,"stat.damageDealt":1195612,"stat.timeSinceDeath":472}