{"stat.cakeSlicesEaten":4,"stat.chestOpened":4,"stat.walkOneCm":102952,"stat.useItem.minecraft.quartz_block":1,"stat.playerKills":1,"achievement.openInventory":16,"stat.leaveGame":5,"stat.damageTaken":1515,"stat.entityKilledBy.Creeper":1,"stat.useItem.minecraft.golden_apple":1,"stat.flyOneCm":94155,"stat.deaths":6,"stat.jump":292,"stat.playOneMinute":30196,"stat.fallOneCm":5989,"stat.entityKilledBy.Zombie":1,"stat.damageDealt":310,"stat.crouchOneCm":34,"stat.timeSinceDeath":16106,"stat.useItem.minecraft.stained_hardened_clay":6,"stat.sprintOneCm":42749,"achievement.exploreAllBiomes":{"value":0,"progress":["Plains"]}}