{"stat.cakeSlicesEaten":4,"stat.chestOpened":10,"stat.walkOneCm":387903,"stat.useItem.minecraft.quartz_block":1,"stat.playerKills":16,"stat.leaveGame":6,"stat.useItem.minecraft.sponge":17,"stat.jump":780,"stat.swimOneCm":333,"stat.fallOneCm":18399,"stat.crouchOneCm":1780,"stat.useItem.minecraft.stained_hardened_clay":13,"stat.sprintOneCm":118983,"achievement.exploreAllBiomes":{"value":0,"progress":["Plains"]},"stat.killEntity.Skeleton":13,"achievement.openInventory":132,"stat.mineBlock.minecraft.sponge":2,"stat.damageTaken":109694,"stat.killEntity.Enderman":1,"stat.mineBlock.minecraft.sapling":1,"stat.mobKills":16,"stat.entityKilledBy.Creeper":1,"stat.useItem.minecraft.golden_apple":1,"stat.flyOneCm":274934,"stat.deaths":28,"stat.drop":17,"stat.playOneMinute":78354,"stat.entityKilledBy.Zombie":1,"stat.damageDealt":1711264,"stat.killEntity.Zombie":2,"stat.timeSinceDeath":532}