{"stat.cakeSlicesEaten":4,"stat.chestOpened":10,"stat.walkOneCm":429805,"stat.useItem.minecraft.quartz_block":1,"stat.playerKills":16,"stat.leaveGame":6,"stat.useItem.minecraft.sponge":17,"stat.killEntity.Creeper":4,"stat.jump":808,"stat.swimOneCm":333,"stat.fallOneCm":18399,"stat.crouchOneCm":1780,"stat.enderchestOpened":1,"stat.useItem.minecraft.stained_hardened_clay":13,"stat.sprintOneCm":122709,"achievement.exploreAllBiomes":{"value":0,"progress":["Plains"]},"stat.killEntity.Skeleton":13,"achievement.openInventory":160,"stat.mineBlock.minecraft.sponge":2,"stat.damageTaken":109878,"stat.killEntity.Enderman":1,"stat.mineBlock.minecraft.sapling":1,"stat.mobKills":21,"stat.entityKilledBy.Creeper":1,"stat.useItem.minecraft.golden_apple":1,"stat.flyOneCm":282704,"stat.deaths":28,"stat.drop":22,"stat.playOneMinute":90054,"stat.entityKilledBy.Zombie":1,"stat.damageDealt":1844634,"stat.killEntity.Zombie":3,"stat.timeSinceDeath":12232}