{"stat.cakeSlicesEaten":4,"stat.chestOpened":4,"stat.walkOneCm":100353,"stat.useItem.minecraft.quartz_block":1,"stat.playerKills":1,"achievement.openInventory":15,"stat.leaveGame":5,"stat.damageTaken":1515,"stat.entityKilledBy.Creeper":1,"stat.useItem.minecraft.golden_apple":1,"stat.flyOneCm":85530,"stat.deaths":6,"stat.jump":276,"stat.playOneMinute":18495,"stat.fallOneCm":5989,"stat.entityKilledBy.Zombie":1,"stat.damageDealt":310,"stat.crouchOneCm":9,"stat.timeSinceDeath":4405,"stat.useItem.minecraft.stained_hardened_clay":6,"stat.sprintOneCm":42171,"achievement.exploreAllBiomes":{"value":0,"progress":["Plains"]}}