{"stat.cakeSlicesEaten":4,"stat.chestOpened":4,"stat.walkOneCm":85629,"stat.playerKills":1,"achievement.openInventory":13,"stat.leaveGame":5,"stat.damageTaken":1315,"stat.entityKilledBy.Creeper":1,"stat.useItem.minecraft.golden_apple":1,"stat.flyOneCm":62684,"stat.deaths":5,"stat.jump":230,"stat.playOneMinute":14039,"stat.fallOneCm":5778,"stat.entityKilledBy.Zombie":1,"stat.damageDealt":310,"stat.crouchOneCm":9,"stat.timeSinceDeath":73,"stat.useItem.minecraft.stained_hardened_clay":3,"stat.sprintOneCm":34503,"achievement.exploreAllBiomes":{"value":0,"progress":["Plains"]}}