{"stat.cakeSlicesEaten":4,"stat.chestOpened":10,"stat.walkOneCm":498441,"stat.useItem.minecraft.quartz_block":1,"stat.playerKills":16,"stat.leaveGame":8,"stat.useItem.minecraft.sponge":17,"stat.killEntity.Creeper":5,"stat.useItem.minecraft.potion":2,"stat.jump":867,"stat.swimOneCm":333,"stat.fallOneCm":51936,"stat.crouchOneCm":1780,"stat.enderchestOpened":1,"stat.useItem.minecraft.stained_hardened_clay":13,"stat.sprintOneCm":132968,"achievement.exploreAllBiomes":{"value":0,"progress":["Plains"]},"stat.killEntity.Skeleton":13,"achievement.openInventory":191,"stat.mineBlock.minecraft.sponge":2,"stat.damageTaken":111617,"stat.killEntity.Enderman":1,"stat.mineBlock.minecraft.sapling":1,"stat.mobKills":25,"stat.entityKilledBy.Creeper":1,"stat.useItem.minecraft.golden_apple":1,"stat.flyOneCm":324271,"stat.deaths":30,"stat.drop":22,"stat.playOneMinute":102383,"stat.entityKilledBy.Zombie":1,"stat.damageDealt":1940951,"stat.killEntity.Zombie":6,"stat.timeSinceDeath":2799}