{"stat.craftItem.minecraft.diamond_chestplate":1,"stat.walkOneCm":296996,"stat.playerKills":23,"stat.breakItem.minecraft.diamond_pickaxe":1,"stat.leaveGame":4,"stat.useItem.minecraft.potion":1,"stat.mineBlock.minecraft.stained_glass":1,"stat.useItem.minecraft.bedrock":3,"stat.jump":344,"stat.swimOneCm":886,"stat.fallOneCm":24114,"stat.mineBlock.minecraft.stained_hardened_clay":22,"stat.sprintOneCm":83930,"achievement.exploreAllBiomes":{"value":0,"progress":["Plains"]},"stat.breakItem.minecraft.golden_boots":1,"stat.killEntity.Skeleton":1,"achievement.openInventory":115,"stat.useItem.minecraft.snowball":4,"stat.damageTaken":193954,"stat.killEntity.Spider":1,"stat.useItem.minecraft.diamond_pickaxe":2,"stat.mineBlock.minecraft.quartz_block":12,"stat.mobKills":5,"stat.flyOneCm":245067,"stat.deaths":32,"stat.drop":10,"stat.playOneMinute":72073,"stat.entityKilledBy.Zombie":3,"stat.entityKilledBy.Slime":1,"stat.damageDealt":1064053,"stat.killEntity.Zombie":3,"stat.timeSinceDeath":7843,"stat.mineBlock.minecraft.dirt":1,"stat.diveOneCm":2254,"stat.useItem.minecraft.web":10}