{"stat.craftItem.minecraft.diamond_chestplate":1,"stat.walkOneCm":330989,"stat.playerKills":23,"stat.breakItem.minecraft.diamond_pickaxe":1,"stat.leaveGame":4,"stat.useItem.minecraft.potion":1,"stat.mineBlock.minecraft.stained_glass":1,"stat.useItem.minecraft.bedrock":3,"stat.jump":369,"stat.swimOneCm":886,"stat.fallOneCm":24114,"stat.mineBlock.minecraft.stained_hardened_clay":24,"stat.sprintOneCm":86920,"achievement.exploreAllBiomes":{"value":0,"progress":["Plains"]},"stat.breakItem.minecraft.golden_boots":1,"stat.craftingTableInteraction":1,"stat.killEntity.Skeleton":1,"achievement.openInventory":134,"stat.useItem.minecraft.snowball":4,"stat.damageTaken":207022,"stat.killEntity.Spider":1,"stat.useItem.minecraft.diamond_pickaxe":2,"stat.mineBlock.minecraft.quartz_block":15,"stat.mobKills":5,"stat.flyOneCm":346314,"stat.deaths":36,"stat.drop":11,"stat.playOneMinute":84489,"stat.entityKilledBy.Zombie":3,"stat.entityKilledBy.Slime":1,"stat.damageDealt":1064053,"stat.killEntity.Zombie":3,"stat.timeSinceDeath":319,"stat.mineBlock.minecraft.dirt":1,"stat.diveOneCm":2254,"stat.useItem.minecraft.web":10}