{"stat.walkOneCm":194251,"stat.playerKills":11,"stat.breakItem.minecraft.diamond_pickaxe":1,"stat.leaveGame":4,"stat.useItem.minecraft.potion":1,"stat.jump":242,"stat.swimOneCm":245,"stat.fallOneCm":22806,"stat.sprintOneCm":62664,"achievement.exploreAllBiomes":{"value":0,"progress":["Plains"]},"stat.breakItem.minecraft.golden_boots":1,"achievement.openInventory":42,"stat.useItem.minecraft.snowball":4,"stat.damageTaken":155736,"stat.useItem.minecraft.diamond_pickaxe":2,"stat.mineBlock.minecraft.quartz_block":6,"stat.flyOneCm":59720,"stat.deaths":22,"stat.drop":8,"stat.playOneMinute":36559,"stat.entityKilledBy.Zombie":3,"stat.entityKilledBy.Slime":1,"stat.damageDealt":189342,"stat.timeSinceDeath":1337,"stat.useItem.minecraft.web":10}