{"stat.craftItem.minecraft.diamond_chestplate":1,"stat.walkOneCm":232008,"stat.playerKills":16,"stat.breakItem.minecraft.diamond_pickaxe":1,"stat.leaveGame":4,"stat.useItem.minecraft.potion":1,"stat.jump":294,"stat.swimOneCm":245,"stat.fallOneCm":23228,"stat.mineBlock.minecraft.stained_hardened_clay":21,"stat.sprintOneCm":69552,"achievement.exploreAllBiomes":{"value":0,"progress":["Plains"]},"stat.breakItem.minecraft.golden_boots":1,"stat.killEntity.Skeleton":1,"achievement.openInventory":75,"stat.useItem.minecraft.snowball":4,"stat.damageTaken":169422,"stat.useItem.minecraft.diamond_pickaxe":2,"stat.mineBlock.minecraft.quartz_block":11,"stat.mobKills":1,"stat.flyOneCm":135236,"stat.deaths":23,"stat.drop":9,"stat.playOneMinute":49112,"stat.entityKilledBy.Zombie":3,"stat.entityKilledBy.Slime":1,"stat.damageDealt":621119,"stat.timeSinceDeath":11208,"stat.mineBlock.minecraft.dirt":1,"stat.useItem.minecraft.web":10}