{"stat.walkOneCm":127780,"stat.playerKills":3,"stat.breakItem.minecraft.diamond_pickaxe":1,"achievement.openInventory":25,"stat.useItem.minecraft.snowball":4,"stat.leaveGame":3,"stat.damageTaken":24044,"stat.useItem.minecraft.diamond_pickaxe":2,"stat.useItem.minecraft.potion":1,"stat.flyOneCm":48588,"stat.deaths":12,"stat.drop":8,"stat.jump":163,"stat.swimOneCm":245,"stat.playOneMinute":25544,"stat.entityKilledBy.Zombie":3,"stat.fallOneCm":6217,"stat.entityKilledBy.Slime":1,"stat.damageDealt":33040,"stat.timeSinceDeath":8104,"stat.sprintOneCm":39319,"achievement.exploreAllBiomes":{"value":0,"progress":["Plains"]},"stat.useItem.minecraft.web":10}