{"stat.craftItem.minecraft.diamond_chestplate":1,"stat.walkOneCm":270067,"stat.playerKills":20,"stat.breakItem.minecraft.diamond_pickaxe":1,"stat.leaveGame":4,"stat.useItem.minecraft.potion":1,"stat.mineBlock.minecraft.stained_glass":1,"stat.jump":323,"stat.swimOneCm":245,"stat.fallOneCm":24114,"stat.mineBlock.minecraft.stained_hardened_clay":21,"stat.sprintOneCm":77313,"achievement.exploreAllBiomes":{"value":0,"progress":["Plains"]},"stat.breakItem.minecraft.golden_boots":1,"stat.killEntity.Skeleton":1,"achievement.openInventory":93,"stat.useItem.minecraft.snowball":4,"stat.damageTaken":180851,"stat.useItem.minecraft.diamond_pickaxe":2,"stat.mineBlock.minecraft.quartz_block":11,"stat.mobKills":3,"stat.flyOneCm":216061,"stat.deaths":31,"stat.drop":9,"stat.playOneMinute":60399,"stat.entityKilledBy.Zombie":3,"stat.entityKilledBy.Slime":1,"stat.damageDealt":908994,"stat.killEntity.Zombie":2,"stat.timeSinceDeath":509,"stat.mineBlock.minecraft.dirt":1,"stat.useItem.minecraft.web":10}