{"stat.walkOneCm":64873,"stat.breakItem.minecraft.diamond_pickaxe":1,"achievement.openInventory":4,"stat.useItem.minecraft.snowball":4,"stat.leaveGame":3,"stat.damageTaken":2744,"stat.useItem.minecraft.diamond_pickaxe":2,"stat.useItem.minecraft.potion":1,"stat.flyOneCm":24361,"stat.deaths":11,"stat.drop":8,"stat.jump":101,"stat.playOneMinute":13063,"stat.entityKilledBy.Zombie":3,"stat.fallOneCm":4498,"stat.entityKilledBy.Slime":1,"stat.damageDealt":15,"stat.timeSinceDeath":4862,"stat.sprintOneCm":27442,"achievement.exploreAllBiomes":{"value":0,"progress":["Plains"]},"stat.useItem.minecraft.web":10}