{"stat.walkOneCm":62665,"stat.breakItem.minecraft.diamond_pickaxe":1,"achievement.openInventory":3,"stat.useItem.minecraft.snowball":4,"stat.leaveGame":3,"stat.damageTaken":2704,"stat.useItem.minecraft.diamond_pickaxe":2,"stat.useItem.minecraft.potion":1,"stat.flyOneCm":23085,"stat.deaths":10,"stat.jump":98,"stat.playOneMinute":8180,"stat.entityKilledBy.Zombie":3,"stat.fallOneCm":4498,"stat.entityKilledBy.Slime":1,"stat.damageDealt":15,"stat.timeSinceDeath":81,"stat.sprintOneCm":27350,"achievement.exploreAllBiomes":{"value":0,"progress":["Plains"]},"stat.useItem.minecraft.web":10}